{
    "license2:9e0d2267fb3a8f8a15adcf2c1c6c3e64867eb54c": [
        {
            "outfit": {
                "props": {
                    "1": {
                        "texture": 0,
                        "drawable": -1
                    },
                    "2": {
                        "texture": 0,
                        "drawable": -1
                    },
                    "3": {
                        "texture": 0,
                        "drawable": -1
                    },
                    "4": {
                        "texture": 0,
                        "drawable": -1
                    },
                    "5": {
                        "texture": 0,
                        "drawable": -1
                    },
                    "6": {
                        "texture": 0,
                        "drawable": -1
                    },
                    "7": {
                        "texture": 0,
                        "drawable": -1
                    },
                    "0": {
                        "texture": 0,
                        "drawable": 46
                    }
                },
                "components": {
                    "1": {
                        "drawable": 0,
                        "palette": 0,
                        "texture": 0
                    },
                    "3": {
                        "drawable": 30,
                        "palette": 0,
                        "texture": 0
                    },
                    "4": {
                        "drawable": 35,
                        "palette": 0,
                        "texture": 0
                    },
                    "5": {
                        "drawable": 0,
                        "palette": 0,
                        "texture": 0
                    },
                    "6": {
                        "drawable": 25,
                        "palette": 0,
                        "texture": 0
                    },
                    "7": {
                        "drawable": 0,
                        "palette": 0,
                        "texture": 0
                    },
                    "8": {
                        "drawable": 57,
                        "palette": 0,
                        "texture": 0
                    },
                    "9": {
                        "drawable": 4,
                        "palette": 0,
                        "texture": 0
                    },
                    "10": {
                        "drawable": 0,
                        "palette": 0,
                        "texture": 0
                    },
                    "11": {
                        "drawable": 48,
                        "palette": 0,
                        "texture": 0
                    },
                    "0": {
                        "drawable": 0,
                        "palette": 0,
                        "texture": 0
                    }
                }
            },
            "name": "test",
            "desc": "test"
        }
    ]
}